{
  "carName"      : "mercedes_amg_gt3",
  "basicSetup"   : {
    "tyres"      : {
      "tyreCompound": 0,
      "tyrePressure": [ 47, 56, 53, 58 ]
    },
    "alignment"  : {
      "camber"      : [ 28, 28, 10, 10 ],
      "toe"         : [ 30, 30, 49, 49 ],
      "staticCamber": [ -2.9952728748321533, -2.9879927635192871, -3.6963574886322021, -3.6925549507141113 ],
      "toeOutLinear": [ 3.3183943742187694e-05, 3.3496042306069285e-05, 0.00020256807329133153, 0.00020173835218884051 ],
      "casterLF"    : 33,
      "casterRF"    : 33,
      "steerRatio"  : 3
    },
    "electronics": {
      "tC1"          : 3,
      "tC2"          : 0,
      "abs"          : 3,
      "eCUMap"       : 0,
      "fuelMix"      : 0,
      "telemetryLaps": 15
    },
    "strategy"   : {
      "fuel"                 : 103,
      "nPitStops"            : 0,
      "tyreSet"              : 0,
      "frontBrakePadCompound": 1,
      "rearBrakePadCompound" : 1,
      "pitStrategy"          : [
        {
          "fuelToAdd"            : 0,
          "tyres"                : {
            "tyreCompound": 0,
            "tyrePressure": [ 47, 56, 53, 58 ]
          },
          "tyreSet"              : 1,
          "frontBrakePadCompound": 1,
          "rearBrakePadCompound" : 1
        }
      ],
      "fuelPerLap"           : 2.5
    }
  },
  "advancedSetup": {
    "mechanicalBalance": {
      "aRBFront"      : 4,
      "aRBRear"       : 3,
      "wheelRate"     : [ 1, 1, 3, 3 ],
      "bumpStopRateUp": [ 4, 4, 6, 6 ],
      "bumpStopRateDn": [ 0, 0, 10, 10 ],
      "bumpStopWindow": [ 25, 25, 50, 50 ],
      "brakeTorque"   : 20,
      "brakeBias"     : 52
    },
    "dampers"          : {
      "bumpSlow"   : [ 4, 4, 3, 3 ],
      "bumpFast"   : [ 3, 3, 3, 3 ],
      "reboundSlow": [ 6, 6, 5, 5 ],
      "reboundFast": [ 4, 4, 4, 4 ]
    },
    "aeroBalance"      : {
      "rideHeight": [ 7, 6, 10, 18 ],
      "rodLength" : [ 14.146636962890625, 14.146636962890625, 73.610969543457031, 73.610969543457031 ],
      "splitter"  : 8,
      "rearWing"  : 7,
      "brakeDuct" : [ 3, 2 ]
    },
    "drivetrain"       : {
      "preload": 6
    }
  }
}
